2	3D4299	2CC0	E000	C186	00	00
3	3D44D7	1000	E000	C186	00	00
3	3D5D07	2010	E000	C186	11	00
5	024339	2B00	E000	C186	11	00
361	3D4627	2CC0	E000	C186	02	00
640	023BBD	2100	E000	C186	11	01
641	023CA6	2200	E000	C186	11	01
641	023D5F	2300	E000	C186	11	01
641	023E0A	2400	E000	C186	11	01
641	023ED8	2500	E000	C186	11	01
641	023FB9	2600	E000	C186	11	01
641	02424A	2A00	E000	C186	11	01
642	3D567D	3000	E000	C186	11	01
1605	021AD8	28C0	E000	C186	11	09
1890	3D54BF	2400	E000	C186	11	11
2149	3D32A9	2800	E000	C186	11	19
2151	3D27EA	2100	E000	C186	11	19
2434	3D6609	2000	E000	C186	0C	00
2434	3D6909	2400	E000	C186	0C	00
2435	3D7997	2BF0	E000	C186	0C	00
2437	3D811A	2930	E000	C186	0C	00
2437	3D7A13	2AF0	E000	C186	0C	00
2468	02598B	2580	E000	C186	0D	00
2882	3D8163	2930	E000	C186	0D	00
2882	3D8EF5	2580	E000	C186	0D	00
4035	025AB7	2580	E000	C186	0D	00
5651	3D7CD8	2AF0	E000	C186	0D	00
5651	3D8045	29F0	E000	C186	0D	00
POKE	6580	0A14	8DD0	8757	bank=3D	dest=2580
6583	3D8759	2580	E000	C186	0D	00
STACK	3D8759	SS=0000 SP=0BA2	77 C1 00 E0 7E C0 12 0A FF 02 00 F0 00 00 60 02 E8 ED 21 00 00 00 80 25
QUEUE	3D8759	1A 0A CD 00 98 00 00 00 C0 2F D9 00 71 1E 00 00 E0 37 FD 00 57 87 00 00 80 25 00 00 BE E1 00 00 E0 37 FD 00 18 81 00 00 30 29 00 00 B7 3F 00 00
